comment_text,likes,replies,video_id,Sentiment Pattern,Sentiment Flair,comment_text_processed,Sentiment NLTK,Sentiment Label
I turned myself into a pickle funniest thing you will ever see,18,0,bY8-TUD3_Zo,0,"0,998965501785278",turned pickle funniest thing ever,"0,5574",1
"Mat, can you please please please do one on the lore of Cats Are Liquid 1 and 2? I and many others want to know what the story means! PLEASE! Thank you. (>w<)",0,0,zHdJwBrT3WA,"0,78125","0,984818458557129",please please please lore cat liquid many others want know story mean please thank,"0,875",1
bro_itz_alicia ! IKR SAAAME😂😂😂😂😂,1,0,VGBZ2YfVx1Y,1,"0,996883451938629",alicia saaame,0,1
"I dont think they would be surprised at all, keeping a poker face",1,0,HqHQFm5L6Zc,"0,1","-0,985648393630981",dont think would surprised keeping poker face,"-0,1695",-1
What's the website link for the yeezys,7,0,fcubmjoGH7I,0,"-0,528491139411926",website link yeezys,0,0
EUA MANIPULATION BRAZIL.,1,0,1Sm8A-u1vIA,0,"-0,998571276664734",manipulation brazil,"-0,296",-1
Anish Man Bania krisoff has blond hair it should be jake Paul because it would be horrible and he is horrible,0,0,UIATkLb3MaA,-1,"-0,999908566474915",anish bania krisoff blond hair jake paul would horrible horrible,"-0,7906",-1
Jazie Romero lmao hon just be yourself please don't try too hard,14,0,oEs0BP0i1Ro,"0,154166666666667","-0,994661629199982",jazie romero lmao please hard,"0,7003",-1
Spend the night in a cornfield.,8,0,bd7IGZ6dulM,0,"-0,963227450847626",spend night cornfield,0,0
Frank22 amazing.,1,0,eMgmJEaYs70,"0,6","0,998177647590637",frank amazing,"0,5859",1
Can I have a moose please,0,0,QCOkDQqGkcM,0,"0,991643607616425",moose please,"0,3182",0
I was just wondering that,0,0,3QtHD3-N5nI,0,"-0,997362911701202",wondering,0,0
Repetition makes me love songs I like and hate songs I dislike,0,0,HzzmqUoQobc,"-0,15","-0,999376237392426",repetition make love song like hate song dislike,"0,1027",0
I like how Lele has plot twists in the end of her videos BAHABAB,0,0,vugXtE96XuY,0,"0,998817265033722",like lele plot twist video bahabab,"0,3612",1
I can't wait for him to do this on the iPhone X,0,0,BVKnt7H4zVc,0,"0,988328039646149",wait iphone,0,1
lol,0,0,gOsM-DYAEhY,"0,8","0,737392604351044",,0,1
i went back and watched some vids you just posted tasty's stuff on your channel and some of your own forget about that sub,0,0,IPWoD5Af7RE,"0,3","-0,993892192840576",went back watched vids posted tasty stuff channel forget,"-0,2263",1
how is ilah so damn gorgeous.....,11,0,MGuUiaZWyWo,"0,7","0,999652981758118",ilah damn gorgeous,"0,3182",1
The music video is cute. I like that it's a mixture of covers and dance videos❤️,0,0,APHgDFRpCi0,"0,75","-0,884227812290192",music video cute like mixture cover dance video,"0,6705",1
"After watching a few videos about the USA I am totally convinced that this country is completely designed to keep the rich, rich and the poor, poor",7,1,n54-eEvoMpg,"-0,021428571428571","-0,822086274623871",watching video totally convinced country completely designed keep rich rich poor poor,"0,6726",0
yes,0,0,UXdbCReBTR8,0,"0,99179607629776",,0,0
She is really isnt popular so im surprised they chose her,12,0,ZagQci5qTSM,"0,3","0,977160453796387",really isnt popular surprised chose,"-0,5484",0
Wills919 I know your mom n your sister does lmao,0,0,XlXBLvT9Vj0,"0,6","0,823872268199921",will know sister lmao,"0,5994",0
It was freaking hilarious 😂,1,0,v_TJKwJwN0E,"0,75","0,999448001384735",freaking hilarious,"-0,0258",1
Love you my man,0,0,Tx1sqYc3qas,"0,5","0,988385200500488",love,"0,6369",1
"If you can get to the North Pole in Cascade, CO before 12/24 you'll see Santa, elves, toy shops and Christmas Goodies... Its not the most spectacular thing, but its fun! Manitou Springs also has a cute Christmas shop.",0,0,09GEHlLIdKE,"0,49375","0,998745918273926",north pole cascade santa elf shop christmas goody spectacular thing manitou spring also cute christmas shop,"0,4588",1
"The double pump fake to Kittle was a touch of class...imagine being the D tryna pick that puzzle i'd be like, ahhhhhhh ""no thank you sir""",0,0,6cskezBiQME,"-0,25","-0,996484160423279",double pump fake kittle touch class imagine tryna pick puzzle like ahhhhhhh thank,"0,2263",1
So happy for you guys!! Glad you found your way back to each other!! Love your videos!!,1,0,pJ98rO7S7bI,"0,4171875","0,997976720333099",happy guy glad found back love video,"0,8979",1
At start there was just Chris and Jeff then suddenly rob came and left,2,0,Nycy9uwxeXU,0,"-0,758144497871399",start chris jeff suddenly came left,0,0
"Link to the Clip : - They finally released this
https://youtu.be/2EXjRrTzTgQ .",0,0,R-9Hsgx0gHA,0,"-0,584615170955658",link clip finally released http youtu exjrrtztgq,0,1
"All bikes are fun.  Some faster, some slower.  Some handle great, some afraid of turns.  Buy what pulls on your heart strings",0,0,PQF5CQu6hqE,"0,166666666666667","0,998590886592865",bike faster slower handle great afraid turn pull heart string,"0,6249",0
You should definitely name a villager Atomic. He'd be a great merchant.,0,0,-eqXcdeNSc0,"0,4","-0,993083119392395",definitely name villager atomic great merchant,"0,7783",1
YOU AIN’T GOT THE ANSWERS STEVE,7,1,o6gD9_akew0,0,"-0,976019561290741",answer steve,0,-1
You have great videos. Love watching what you do there.,0,1,VWdK-pNGKTQ,"0,65","0,990359663963318",great video love watching,"0,8519",1
"You mean China and France, do you? 😄",0,0,q7b1NMOVOEs,"0,34375","-0,993627548217773",mean china france,0,1
Whoop whoop whoop whoop whoop whoop whoop whoop whoop whoop whoop whoop whoop whoop whoop whoop whoop whoop whoop whoop,1,0,And-vdjC71E,0,"-0,999572336673737",whoop whoop whoop whoop whoop whoop whoop whoop whoop whoop whoop whoop whoop whoop whoop whoop whoop whoop whoop whoop,0,0
Question the chrome queen?,1,0,wTeSyUE0iHA,0,"-0,986901462078094",question chrome queen,0,1
ken low key always wanted them done!,0,1,NafI4FmtvL0,0,"0,998664736747742",always wanted done,0,0
Dam you cut it of at the best part🤨🤨🤨🤨🤬🤬🤬🤬,1,0,FL4fnzxHD3o,1,"-0,749533712863922",best part,"0,6369",-1
"Awsome.

Would love to see a balloon with non newtonian fluid meet that thing. It might be amazingly boring or very suprising!",0,0,EXfHnqU1MBQ,"-0,0625","0,99890410900116",awsome would love balloon newtonian fluid meet thing might amazingly boring suprising,"0,3832",1
"Happy 😊 to see you JAY recovering from this harshly accidentally moment... Always in good spirits personality...
Best Regards to you to your dear Spouse to your dear Ones... in good health,
Merry Christmas 🎄 & Happy New Year 💖✨🕊️
Edward, Aida, Michael & Micheline ( Artist Micha) Family ❤️👍🙋😍",1,0,9scfWN6aXaU,"0,630578512396694","0,993896305561066",happy recovering harshly accidentally moment always good spirit personality best regard dear spouse dear one good health merry christmas happy year edward aida michael micheline artist micha family,"0,9761",1
Mike and Price was like a strangers & freaks quest on gta 5,16,0,XQQI72wQjEA,0,"0,768236637115479",mike price like stranger freak quest,"-0,1027",0
" @P.S.  .. No point Hazharping on about the past. Neither Charlie or Diana were angels. I am not a Camilla fan, but have to say she has conducted herself beautifully, showed much loyalty to her husband & does an enormous amount for Charities.",1,0,Xcc9W7kqB2c,"0,2","0,965954661369324",point hazharping past neither charlie diana angel camilla conducted beautifully showed much loyalty husband enormous amount charity,"0,875",1
Bravo Rimac!! Proud to be a Croat!! 🇭🇷🇭🇷🇭🇷,2,1,7BuQuvFm90w,1,"0,999768435955048",bravo rimac proud croat,"0,4767",1
7806 👈Here is the last four digits of the six numbers above YouTube T/C won’t let me put all number together so I separate them I appreciate you for all the love.,0,0,VB6VrrXPCi0,"0,166666666666667","0,697251796722412",last four digit number youtube number together separate appreciate love,"0,8176",0
 @Victoria Menendez  I was about to say this. I knew a lot of kids who were afraid of thier parents but everyone thought they were just well behaved.,18,0,b9ZaCuxCfJs,"-0,6","0,928066670894623",victoria menendez knew kid afraid thier parent everyone thought well behaved,"0,2732",0
I think we need to see a How Ridiculous VS Dude Perfect now!,0,0,TSqYrgnbYrY,"0,333333333333333","-0,858402967453003",think need ridiculous dude perfect,"0,296",1
I love how it's Harry's second channel in this video's description cuz he ain't uploading on his main anymore 😂,3,0,uhxa2M1T9gQ,"0,416666666666667","0,936794400215149",love harry second channel video description uploading main anymore,"0,6369",1
"She and many others have sold their souls. They live a very dark ,demonic existence. Too many children are missing. We need to know who these children are. This is so serious and much greater than Kim.",22,0,iIKqDS1k4Ww,"0,129718614718615","0,997796058654785",many others sold soul live dark demonic existence many child missing need know child serious much greater,0,-1
Haha yeah it’s 16:9,1,0,_Lxm5G_aiS8,"0,2","0,991003155708313",haha yeah,"0,6369",1
